name,artist,album,release_date,duration_mins,popularity,energy,tempo,valence,mode,danceability,year_str,year,bob,andy,christian,SCORE
Sarah,Alex G,Trick,2012-11-05,2.94,61,0.686,124.023,0.497,0,0.65,2012,2012,1,1,1,3
Never Meant,American Football,American Football,1999,4.47,59,0.819,144.26,0.405,1,0.436,1999,1999,1,1,1,3
Man in the Box,Alice In Chains,Facelift,1990-08-01,4.75,74,0.791,106.392,0.758,1,0.355,1990,1990,1,0,1,2
Carry the Zero,Built To Spill,Keep It like a Secret,1999-01-22,5.73,55,0.812,94.095,0.458,1,0.264,1999,1999,1,0,1,2
Everlong,Foo Fighters,The Colour And The Shape,1997-05-20,4.18,82,0.881,158.066,0.364,0,0.413,1997,1997,1,1,0,2
Waiting Room,Fugazi,13 Songs,1989,2.89,6,0.727,92.259,0.54,0,0.616,1989,1989,1,0,1,2
She,Green Day,Dookie,1994-02-01,2.24,65,0.937,93.307,0.874,0,0.37,1994,1994,1,1,0,2
Your Graduation,Modern Baseball,You're Gonna Miss It All,2014-02-11,2.73,0,0.902,184.737,0.632,0,0.395,2014,2014,1,1,0,2
"Holland, 1945",Neutral Milk Hotel,In the Aeroplane Over the Sea,1998-02-20,3.21,0,0.887,198.441,0.48,1,0.0621,1998,1998,1,1,0,2
Diamonds on the Soles of Her Shoes,Paul Simon,Graceland (25th Anniversary Deluxe Edition),1986-08-12,5.82,60,0.677,110.64,0.876,1,0.791,1986,1986,1,1,0,2
House Of Cards,Radiohead,In Rainbows,2007-12-28,5.47,64,0.499,111.652,0.628,1,0.708,2007,2007,0,1,1,2
Lazy Eye,Silversun Pickups,Carnavas,2006-07-26,5.91,0,0.809,127.401,0.333,1,0.629,2006,2006,1,1,0,2
Acolyte,"Slaughter Beach, Dog",Birdie,2017-10-27,5.27,61,0.476,123.977,0.774,1,0.79,2017,2017,1,1,0,2
Teen Age Riot (Album Version),Sonic Youth,Daydream Nation (Deluxe Edition),1988-10-04,6.96,58,0.907,156.395,0.746,1,0.286,1988,1988,1,0,1,2
Forever Dumb,Surf Curse,Sad Boys,2015-05-10,4.31,0,0.736,170.826,0.444,0,0.303,2015,2015,1,0,1,2
Once in a Lifetime - 2005 Remaster,Talking Heads,Remain in Light (Deluxe Version),1980-10-08,4.33,67,0.919,117.459,0.871,1,0.644,1980,1980,1,1,0,2
Don't Worry Baby - Remastered 2001,The Beach Boys,"Shut Down, Vol. 2 (Remastered)",1964-03-02,2.83,64,0.464,121.242,0.851,1,0.487,1964,1964,1,0,1,2
God Only Knows - Mono / 1997 Remastered,The Beach Boys,Pet Sounds (Original Mono & Stereo Mix Versions),1966-06-16,2.88,67,0.487,117.072,0.483,0,0.521,1966,1966,1,0,1,2
Just like Heaven,The Cure,"Kiss Me, Kiss Me, Kiss Me",1987-05-25,3.53,68,0.971,151.219,0.764,1,0.43,1987,1987,1,0,1,2
Just Like Honey,The Jesus and Mary Chain,Psychocandy (Expanded Version),1985-11-18,3.04,60,0.552,121.361,0.486,1,0.341,1985,1985,1,0,1,2
Mayonaise - Remastered,The Smashing Pumpkins,Siamese Dream (2011 - Remaster),1993,5.81,0,0.528,146.043,0.0882,1,0.482,1993,1993,0,1,1,2
How Soon Is Now? - 2011 Remaster,The Smiths,Hatful of Hollow,1984,6.8,70,0.93,190.818,0.725,1,0.398,1984,1984,1,1,0,2
Shed,Title Fight,Shed,2011-05-03,2.28,8,0.951,144.873,0.571,1,0.428,2011,2011,0,1,1,2
Making Breakfast,Twin Peaks,Wild Onion,2014-08-05,2.21,47,0.782,116.114,0.451,1,0.495,2014,2014,0,1,1,2
Gretel,Alex G,House of Sugar,2019-09-13,3.17,49,0.875,140.078,0.43,1,0.449,2019,2019,0,1,0,1
Snot,Alex G,Beach Music,2015-10-09,5.06,44,0.658,152.061,0.719,1,0.498,2015,2015,0,0,1,1
Spit Fountain,Algernon Cadwallader,Algernon Cadwallader,2018-12-14,2.25,42,0.848,176.953,0.376,1,0.169,2018,2018,0,0,1,1
Would? (2022 Remaster),Alice In Chains,Dirt (2022 Remaster),1992-09-29,3.45,73,0.833,100.675,0.586,1,0.305,1992,1992,0,1,0,1
Something Good,alt-J,An Awesome Wave,2012-09-18,3.62,55,0.581,108.98,0.539,1,0.682,2012,2012,0,1,0,1
Summertime Clothes,Animal Collective,Merriweather Post Pavilion,2009-01-20,4.5,0,0.873,136.017,0.323,1,0.492,2009,2009,0,1,0,1
You Should All Be Murdered,Another Sunny Day,London Weekend,1993-01-01,4.64,42,0.905,159.35,0.947,1,0.417,1993,1993,1,0,0,1
Afterlife,Arcade Fire,Reflektor,2013-01-01,5.88,0,0.873,115.95,0.682,1,0.638,2013,2013,0,1,0,1
Every Night I Die At Miyagis,Ariel Pink,House Arrest,2006-10-13,3.96,0,0.826,81.917,0.964,1,0.462,2006,2006,1,0,0,1
Round And Round,Ariel Pink,Before Today,2010-06-07,5.14,0,0.59,110.069,0.577,0,0.665,2010,2010,1,0,0,1
How Blue Can You Get?,B.B. King,Live In Cook County Jail,1971-01-01,5.2,47,0.484,110.541,0.604,1,0.498,1971,1971,0,0,1,1
Pine,Basement,Colourmeinkindness,2012-10-23,2.42,0,0.747,129.069,0.469,1,0.405,2012,2012,0,0,1,1
Birthday,Beach Fossils,Clash the Truth,2013-02-19,2.88,0,0.956,165.691,0.705,1,0.324,2013,2013,0,0,1,1
No Sleep Till Brooklyn,Beastie Boys,Licensed To Ill,1986-11-15,4.12,66,0.691,97.022,0.742,1,0.712,1986,1986,1,0,0,1
Godsend,Beat Happening,You Turn Me On,1992-02-10,9.47,0,0.771,116.601,0.448,1,0.405,1992,1992,1,0,0,1
Scarecrow,Beck,Guero,2005-01-01,4.26,46,0.686,110.001,0.953,1,0.804,2005,2005,0,1,0,1
Faith,Big Bite,Big Bite,2018-05-18,3.46,0,0.884,154.877,0.279,0,0.386,2018,2018,0,0,1,1
I Don't Think So,Big Bite,I Don't Think So,2016-06-01,2.5,19,0.918,159.938,0.55,1,0.304,2016,2016,0,0,1,1
Fire Rising,Big Bite,Big Bite,2018-05-18,2.79,0,0.946,150.824,0.107,0,0.295,2018,2018,0,0,1,1
Scenes from an Italian Restaurant,Billy Joel,The Stranger (Legacy Edition),1977,7.61,60,0.931,97.953,0.339,1,0.415,1977,1977,1,0,0,1
Vienna,Billy Joel,The Stranger (Legacy Edition),1977,3.57,77,0.495,124.936,0.308,1,0.532,1977,1977,1,0,0,1
New Direction,Black Lips,Arabia Mountain,2011-06-07,2.5,27,0.95,183.936,0.869,1,0.415,2011,2011,0,0,1,1
Modern Art,Black Lips,Arabia Mountain,2011-06-07,2.07,38,0.979,179.063,0.811,1,0.407,2011,2011,0,0,1,1
Family Tree,Black Lips,Arabia Mountain,2011-06-07,2.61,35,0.971,88.044,0.367,0,0.342,2011,2011,0,0,1,1
Bad Kids,Black Lips,Good Bad Not Evil,2007-09-01,2.15,48,0.795,204.218,0.926,1,0.347,2007,2007,0,0,1,1
The Times They Are A-Changin',Bob Dylan,The Times They Are A-Changin',1964-01-13,3.2,66,0.396,171.86,0.585,1,0.389,1964,1964,1,0,0,1
Re: Stacks,Bon Iver,"For Emma, Forever Ago",2008-02-19,6.69,0,0.0812,125.053,0.314,1,0.676,2008,2008,0,1,0,1
Falsa Folha De Rosto,Boogarins,Manual,2015-10-30,5.16,36,0.428,114.9,0.177,0,0.355,2015,2015,0,0,1,1
First Day Back,Braid,Frame and Canvas,1998,3.37,28,0.906,95.798,0.513,1,0.465,1998,1998,0,0,1,1
Degausser,Brand New,The Devil And God Are Raging Inside Me,2006-01-01,5.42,46,0.814,143.851,0.164,0,0.559,2006,2006,0,1,0,1
Jesus Christ,Brand New,The Devil And God Are Raging Inside Me,2006-01-01,5.3,33,0.726,88.505,0.247,0,0.667,2006,2006,0,1,0,1
The Quiet Things That No One Ever Knows,Brand New,Deja Entendu,2003-06-17,4.03,60,0.797,80.284,0.246,1,0.202,2003,2003,0,0,1,1
Seventy Times 7,Brand New,Your Favorite Weapon,2001,3.56,53,0.757,91.344,0.423,1,0.508,2001,2001,0,0,1,1
Easy/Lucky/Free,Bright Eyes,Digital Ash In A Digital Urn,2005-01-25,5.53,0,0.775,142.052,0.681,1,0.487,2005,2005,0,1,0,1
Lover I Don't Have To Love,Bright Eyes,"LIFTED Or The Story Is In The Soil, Keep Your Ear To The Ground",2002-08-13,4,0,0.714,80.61,0.528,0,0.518,2002,2002,0,1,0,1
Early In The Morning,Buddy Holly,The Buddy Holly Collection,1993-09-28,2.1,11,0.698,110.721,0.963,1,0.709,1993,1993,0,0,1,1
Ode,CCFX,CCFX EP,2017-10-20,3.23,0,0.568,125.386,0.277,1,0.292,2017,2017,1,0,0,1
The One to Wait,CCFX,CCFX EP,2017-10-20,6.55,44,0.749,100.902,0.574,1,0.615,2017,2017,0,0,1,1
Cotidiano,Chico Buarque,Construção,1971-01-01,2.81,57,0.835,89.855,0.778,0,0.477,1971,1971,0,0,1,1
The Mother We Share,CHVRCHES,The Bones Of What You Believe (Special Edition),2013-01-01,3.17,0,0.716,174.037,0.317,1,0.452,2013,2013,0,1,0,1
In the Middle Of It All,Citizen,As You Please,2017-10-06,4.28,0,0.699,92.496,0.481,1,0.595,2017,2017,0,1,0,1
The Skin Of My Yellow Country Teeth,Clap Your Hands Say Yeah,Clap Your Hands Say Yeah,2005-06-07,5.73,0,0.972,141.602,0.391,1,0.455,2005,2005,1,0,0,1
Heaven or Las Vegas,Cocteau Twins,Heaven or Las Vegas,1990,4.97,63,0.804,179.911,0.418,1,0.202,1990,1990,1,0,0,1
A Favor House Atlantic,Coheed and Cambria,In Keeping Secrets Of Silent Earth: 3,2003-03-30,3.91,58,0.97,166.475,0.144,1,0.294,2003,2003,0,1,0,1
I Am The Changer,Cotton Jones,Paranoid Cocoon,2009-01-27,6.58,0,0.529,122.015,0.451,1,0.634,2009,2009,1,0,0,1
Blondie,Current Joys,Wild Heart,2013-01-02,3.25,0,0.626,122.072,0.866,1,0.776,2013,2013,0,0,1,1
Shit Twins,Dads,American Radass (This Is Important),2012-08-07,6.91,0,0.582,77.067,0.259,1,0.42,2012,2012,1,0,0,1
True Love Will Find You In The End,Daniel Johnston,1990,1990-01-01,1.8,0,0.173,118.639,0.12,0,0.542,1990,1990,1,0,0,1
When It Comes To You,Dead Ghosts,S/T,2010-11-02,3,36,0.886,145.348,0.287,0,0.31,2010,2010,0,0,1,1
The Ghosts of Beverly Drive,Death Cab for Cutie,Kintsugi,2015-03-27,4.05,51,0.859,154.718,0.748,1,0.557,2015,2015,0,1,0,1
Twenty Miles,Deer Tick,The Black Dirt Sessions,2010-06-09,3.73,45,0.784,113.643,0.34,1,0.501,2010,2010,0,1,0,1
He Would Have Laughed,Deerhunter,Halcyon Digest,2010-09-27,7.49,47,0.668,118.54,0.372,1,0.354,2010,2010,1,0,0,1
Be Quiet and Drive (Far Away),Deftones,Around the Fur,1997-10-27,5,75,0.965,92.615,0.168,1,0.206,1997,1997,0,0,1,1
Stay Close,Delorean,Subiza,2010-04-19,4.53,0,0.648,131.178,0.204,1,0.276,2010,2010,0,1,0,1
Good Good Things,Descendents,I Don't Want to Grow Up,1987,2.37,53,0.7,175.646,0.519,1,0.317,1987,1987,0,0,1,1
How It Ends,DeVotchKa,How It Ends,2004,6.99,0,0.343,103.887,0.0385,0,0.62,2004,2004,1,0,0,1
Feel the Pain,Dinosaur Jr.,Without a Sound,1994-08-23,4.33,58,0.804,131.5,0.854,1,0.34,1994,1994,0,1,0,1
Last Call,Elliott Smith,Roman Candle,1994-07-14,4.63,36,0.442,145.859,0.209,0,0.435,1994,1994,1,0,0,1
Twilight,Elliott Smith,From A Basement On The Hill,2004-10-18,4.49,45,0.377,140.998,0.487,1,0.428,2004,2004,1,0,0,1
Waltz #2 (XO),Elliott Smith,XO,1998-01-01,4.67,59,0.49,132.178,0.66,1,0.633,1998,1998,0,1,0,1
Say Yes,Elliott Smith,Either/Or,1997-02-25,2.32,57,0.0875,153.439,0.418,1,0.499,1997,1997,0,0,1,1
Angeles,Elliott Smith,Either/Or,1997-02-25,2.95,54,0.0993,118.139,0.588,0,0.53,1997,1997,0,0,1,1
Between the Bars,Elliott Smith,Either/Or,1997-02-25,2.35,0,0.0774,135.245,0.353,0,0.519,1997,1997,0,0,1,1
Alison,Elvis Costello,My Aim Is True,1977-07-22,3.41,58,0.32,176.647,0.377,0,0.557,1977,1977,0,0,1,1
No Waves,FIDLAR,FIDLAR,2012-09-25,2.23,48,0.936,98.493,0.354,0,0.48,2012,2012,0,1,0,1
henna tattoo,Field Medic,fade into the dawn,2019-04-19,2.43,0,0.844,92.58,0.6,1,0.683,2019,2019,0,1,0,1
Racing Race,Flashguns,Passions Of A Different Kind,2011-10-14,6.92,0,0.309,144.074,0.171,0,0.37,2011,2011,1,0,0,1
Dreams - 2004 Remaster,Fleetwood Mac,Rumours (Super Deluxe),1977-02-04,4.3,82,0.492,120.151,0.789,1,0.828,1977,1977,1,0,0,1
Landslide,Fleetwood Mac,Fleetwood Mac,1975-07-11,3.32,76,0.161,159.375,0.423,0,0.414,1975,1975,1,0,0,1
Vacation,Florist,Holdly,2015-10-30,3.79,0,0.269,107.605,0.112,1,0.615,2015,2015,1,0,0,1
Say It - Illenium Remix,Flume,Skin: The Remixes,2017-04-07,4.45,56,0.769,149.69,0.427,1,0.482,2017,2017,0,1,0,1
Painting of Blue,Forth Wanderers,Tough Love,2014,3.12,34,0.863,166.004,0.713,1,0.47,2014,2014,1,0,0,1
The Modern Leper,Frightened Rabbit,The Midnight Organ Fight,2008-04-13,3.81,0,0.917,112.421,0.297,1,0.449,2008,2008,0,1,0,1
Lost My Mind,Froth,Patterns,2014-01-02,3.64,0,0.54,101.244,0.516,1,0.389,2014,2014,0,0,1,1
Let Go,Frou Frou,Details,2002-01-01,4.23,55,0.559,140.043,0.202,1,0.524,2002,2002,0,1,0,1
Bad Mouth,Fugazi,13 Songs,1989,2.59,1,0.652,91.259,0.529,1,0.452,1989,1989,0,0,1,1
Lucie,Fungi Girls,Some Easy Magic,2011-08-09,3.06,4,0.697,80.36,0.376,1,0.27,2011,2011,0,0,1,1
What's in My Head?,Fuzz,Fuzz,2013-10-01,3.91,47,0.449,74.958,0.385,1,0.371,2013,2013,0,0,1,1
Who Can Say,Glaze,Wasted Mind,2017-06-02,4.73,16,0.789,87.504,0.18,1,0.423,2017,2017,0,0,1,1
Ya'll Boots Hats? (Die Angry),Glocca Morra,Just Married,2012-07-10,2.15,40,0.905,148.863,0.436,1,0.238,2012,2012,0,0,1,1
"Irrevocable, Motherfucker",Glocca Morra,Just Married,2012-07-10,2.35,35,0.877,159.103,0.531,1,0.199,2012,2012,0,0,1,1
Sleep,Godspeed You! Black Emperor,Lift Your Skinny Fists Like Antennas to Heaven,2000-01-01,23.3,42,0.531,108.107,0.0642,1,0.224,2000,2000,1,0,0,1
Storm,Godspeed You! Black Emperor,Lift Your Skinny Fists Like Antennas to Heaven,2000-01-01,22.54,46,0.614,182.349,0.0379,1,0.102,2000,2000,1,0,0,1
Here In Your Bedroom,Goldfinger,Goldfinger,1996,3.18,51,0.767,171.655,0.945,1,0.489,1996,1996,0,1,0,1
On Melancholy Hill,Gorillaz,Plastic Beach,2010-03-03,3.9,76,0.739,120.423,0.578,1,0.689,2010,2010,0,1,0,1
Game Of Pricks,Guided By Voices,Alien Lanes,1995-04-04,1.56,54,0.966,122.243,0.323,1,0.368,1995,1995,0,0,1,1
Flagpole Sitta,Harvey Danger,Where Have All The Merrymakers Gone?,1997-01-01,3.62,65,0.901,144.97,0.482,0,0.361,1997,1997,1,0,0,1
C Is The Heavenly Option,Heavenly,Le Jardin De Heavenly,1992-01-01,3.36,27,0.647,186.912,0.87,1,0.347,1992,1992,1,0,0,1
Trinity,Hotline TNT,Fireman's Carry,2019-03-22,3.61,19,0.961,94.357,0.0948,1,0.186,2019,2019,0,0,1,1
Ready To Go,Jaded Juice Riders,Bowl Cut,2017-01-01,2.36,50,0.88,178.032,0.655,1,0.432,2017,2017,0,0,1,1
Versace Summer,Jank,Versace Summer,2018-03-30,4.85,44,0.943,96.751,0.456,1,0.514,2018,2018,0,1,0,1
Caitlyn,Jank,Awkward Pop Songs,2016-04-06,4.68,44,0.755,82.794,0.321,1,0.334,2016,2016,0,0,1,1
Sweet Avenue,Jets To Brazil,Orange Rhyming Dictionary,1998-10-27,5.24,37,0.452,88.776,0.311,1,0.444,1998,1998,0,0,1,1
A Praise Chorus,Jimmy Eat World,Bleed American,2001-07-17,4.06,53,0.936,184.184,0.484,1,0.461,2001,2001,0,1,0,1
"Cello Suite No. 1 in G Major, BWV 1007: I. Prélude",Johann Sebastian Bach,"Bach: Cello Suites Nos. 1, 5 & 6",1983,2.54,68,0.157,73.289,0.304,1,0.275,1983,1983,0,1,0,1
Disorder - 2007 Remaster,Joy Division,Unknown Pleasures (Collector's Edition),1979-06-01,3.48,68,0.798,84.696,0.74,0,0.32,1979,1979,1,0,0,1
Love Will Tear Us Apart - 2020 Remaster,Joy Division,Love Will Tear Us Apart,1980-06-01,3.47,69,0.923,146.924,0.899,1,0.527,1980,1980,1,0,0,1
Constant Headache,Joyce Manor,S/T,2013-05-14,3.07,60,0.892,99.016,0.451,1,0.41,2013,2013,0,1,0,1
Last You Heard Of Me,Joyce Manor,Cody,2016-10-07,3.14,42,0.864,100.003,0.306,1,0.662,2016,2016,0,1,0,1
Fast,Juice WRLD,Death Race For Love,2019-03-08,3.48,2,0.608,84.98,0.263,0,0.623,2019,2019,0,1,0,1
Out of the Blue,Julian Casablancas,Phrazes For The Young,2009-10-30,4.69,45,0.886,111.634,0.569,1,0.452,2009,2009,0,1,0,1
Runaway,Kanye West,My Beautiful Dark Twisted Fantasy,2010-11-22,9.13,78,0.568,84.733,0.111,0,0.374,2010,2010,1,0,0,1
Street Lights,Kanye West,808s & Heartbreak,2008-11-24,3.17,0,0.487,125.44,0.416,1,0.632,2008,2008,0,1,0,1
"Sing About Me, I'm Dying Of Thirst",Kendrick Lamar,"good kid, m.A.A.d city (Deluxe)",2012,12.06,62,0.753,110.722,0.371,0,0.654,2012,2012,1,0,0,1
Dum Surfer,King Krule,The OOZ,2017-10-13,4.39,3,0.944,119.983,0.676,1,0.651,2017,2017,0,1,0,1
Wakin On A Pretty Day,Kurt Vile,Wakin On A Pretty Daze,2013-04-08,9.51,54,0.781,101.7,0.553,1,0.38,2013,2013,1,0,0,1
O Superman,Laurie Anderson,Big Science,1982,8.42,42,0.024,148.57,0.309,0,0.8,1982,1982,1,0,0,1
Selvi,Learn Karate,Yellow Belt,2021-04-03,1.71,2,0.777,169.902,0.959,1,0.434,2021,2021,0,0,1,1
Over the Hills and Far Away - 1990 Remaster,Led Zeppelin,Houses of the Holy (1994 Remaster),1973-03-28,4.82,0,0.54,96.783,0.299,1,0.412,1973,1973,1,0,0,1
Scott Farcas Takes It On The Chin,Less Than Jake,Hello Rockview,1998-01-01,2.57,32,0.97,131.54,0.635,1,0.372,1998,1998,0,1,0,1
The Leanover,Life Without Buildings,Any Other City,2001,5.4,0,0.758,118.411,0.677,1,0.515,2001,2001,1,0,0,1
Right Above It,Lil Wayne,I Am Not A Human Being,2010-01-01,4.53,68,0.841,76.052,0.463,0,0.376,2010,2010,0,1,0,1
Perfect Day,Lou Reed,Transformer,1972-12-01,3.75,66,0.267,144.799,0.0872,1,0.4,1972,1972,1,0,0,1
Walk On the Wild Side,Lou Reed,Transformer,1972-12-01,4.24,72,0.318,104.522,0.385,1,0.575,1972,1972,1,0,0,1
Next to You,Macseal,"Yeah, No, I Know",2017-05-05,3.47,45,0.877,92.514,0.491,1,0.484,2017,2017,0,0,1,1
Electric Feel,MGMT,Oracular Spectacular,2007-12-14,3.83,76,0.803,103.04,0.561,1,0.763,2007,2007,1,0,0,1
Love Always Remains,MGMT,Time To Pretend,2005,5.64,0,0.917,131.971,0.359,1,0.59,2005,2005,0,1,0,1
Sans Soleil,Miike Snow,Miike Snow (Deluxe Edition),2009,4.45,27,0.484,135.976,0.885,1,0.622,2009,2009,0,1,0,1
Parking Lot,Mineral,The Power of Failing,1997-01-01,3.87,0,0.751,122.066,0.225,1,0.251,1997,1997,0,0,1,1
I Don't Wanna Hear It,Minor Threat,First Two Seven Inches,1984-06-01,1.27,0,0.97,189.679,0.778,1,0.199,1984,1984,0,0,1,1
Salad Days,Minor Threat,Salad Days,1985,2.77,0,0.947,150.7,0.194,1,0.358,1985,1985,0,0,1,1
The Weekend,Modern Baseball,Sports,2012-11-27,3.5,49,0.786,119.063,0.63,1,0.668,2012,2012,0,0,1,1
3rd Planet,Modest Mouse,The Moon & Antarctica,2000,3.99,0,0.566,82.278,0.422,1,0.539,2000,2000,0,1,0,1
Gravity Rides Everything,Modest Mouse,The Moon & Antarctica,2000-06-13,4.33,53,0.443,103.262,0.714,1,0.395,2000,2000,0,1,0,1
Expanding Anyway,Morning Teleportation,Expanding Anyway,2014-03-03,3.7,31,0.827,147.232,0.467,1,0.297,2014,2014,0,1,0,1
Kickstart My Heart,Mötley Crüe,Dr. Feelgood,1989,4.71,9,0.981,178.98,0.271,0,0.359,1989,1989,0,0,1,1
Supermassive Black Hole,Muse,Black Holes and Revelations,2006-06-19,3.54,76,0.921,120,0.782,1,0.668,2006,2006,0,1,0,1
When You Sleep,my bloody valentine,Loveless,1991-11-04,4.2,64,0.82,128.894,0.135,1,0.4,1991,1991,1,0,0,1
Loomer,my bloody valentine,Loveless,1991-11-04,2.64,46,0.433,87.607,0.453,1,0.0931,1991,1991,0,0,1,1
Helena,My Chemical Romance,Three Cheers for Sweet Revenge,2004-06-08,3.41,75,0.96,125.921,0.0857,1,0.356,2004,2004,0,1,0,1
Famous Last Words,My Chemical Romance,The Black Parade,2006-10-23,4.99,72,0.883,122.252,0.309,0,0.467,2006,2006,0,0,1,1
Firewater Liquor,Natural Child,Dancin' with Wolves,2014-02-25,3.87,0,0.813,169.225,0.972,0,0.505,2014,2014,0,0,1,1
Out In The Country,Natural Child,Dancin' With Wolves,2014-03-03,2.91,52,0.515,93.174,0.814,1,0.425,2014,2014,0,0,1,1
Naomi,Neutral Milk Hotel,On Avery Island,1996-03-26,4.88,0,0.481,184.62,0.317,1,0.114,1996,1996,1,0,0,1
Two-Headed Boy Pt. 2,Neutral Milk Hotel,In the Aeroplane Over the Sea,1998-02-20,5.23,0,0.366,91.19,0.131,1,0.446,1998,1998,1,0,0,1
Age of Consent - 2015 Remaster,New Order,Power Corruption and Lies,1983-05-02,5.26,65,0.91,161.964,0.756,1,0.372,1983,1983,1,0,0,1
Ceremony - Version 1; 2016 Remaster,New Order,Singles (2016 Remaster),2005-09-30,4.65,50,0.555,134.815,0.377,1,0.306,2005,2005,1,0,0,1
All Apologies,Nirvana,In Utero - 20th Anniversary Remaster,1993-09-21,3.89,71,0.632,113.176,0.359,1,0.446,1993,1993,0,1,0,1
The Man Who Sold The World,Nirvana,MTV Unplugged In New York,1994-11-01,4.35,75,0.753,115.102,0.42,0,0.483,1994,1994,1,0,0,1
Brasil Pandeiro,Novos Baianos,Acabou Chorare,1972,3.92,46,0.555,97.724,0.876,1,0.549,1972,1972,0,0,1,1
The Air Up Here,Origami Angel,Somewhere City,2019-11-15,4.75,42,0.913,169.488,0.16,1,0.353,2019,2019,0,1,0,1
Stoned and Starving,Parquet Courts,Light Up Gold + Tally All The Things That You Broke,2013-10-15,5.19,31,0.882,84.845,0.292,1,0.35,2013,2013,0,0,1,1
Moth's Wings,Passion Pit,Manners,2009,4.27,48,0.727,120.995,0.136,1,0.514,2009,2009,0,1,0,1
Sleepyhead,Passion Pit,Manners,2009,2.91,64,0.719,106.036,0.539,1,0.568,2009,2009,1,0,0,1
Smile Upon Me,Passion Pit,Chunk of Change,2008-09-16,5.83,26,0.894,143.963,0.176,0,0.524,2008,2008,0,1,0,1
Frontwards - Remastered,Pavement,Quarantine The Past: The Best Of Pavement,2010-03-09,3.03,39,0.775,114.746,0.505,1,0.339,2010,2010,1,0,0,1
Aphasia,Pinegrove,Cardinal,2016-02-12,4.52,0,0.482,66.749,0.349,1,0.309,2016,2016,1,0,0,1
Cadmium,Pinegrove,Cardinal (Expanded Edition),2016-02-12,4.2,0,0.32,131.214,0.33,1,0.456,2016,2016,0,1,0,1
Dotted Line,Pinegrove,Marigold,2020-01-17,4.34,33,0.365,178.093,0.367,1,0.443,2020,2020,0,1,0,1
Old Friends,Pinegrove,Cardinal,2016-02-12,3.46,0,0.555,147.88,0.375,1,0.488,2016,2016,0,1,0,1
Rings,Pinegrove,Skylight,2018-10-05,3.9,47,0.41,116.061,0.304,1,0.644,2018,2018,0,1,0,1
Debaser,Pixies,Doolittle,1989-04-17,2.89,0,0.885,135.516,0.579,1,0.487,1989,1989,0,1,0,1
Hey,Pixies,Doolittle,1989-04-17,3.52,68,0.372,99.887,0.306,1,0.59,1989,1989,1,0,0,1
Where Is My Mind? - Remastered,Pixies,Surfer Rosa,1988-03-21,3.92,78,0.441,81.334,0.25,1,0.519,1988,1988,1,0,0,1
Wave of Mutilation,Pixies,Doolittle,1989-04-17,2.08,0,0.77,132.613,0.737,1,0.59,1989,1989,0,0,1,1
Sleep Forever,Portugal. The Man,In the Mountain in the Cloud,2011-06-29,6.34,46,0.467,145.027,0.31,1,0.513,2011,2011,1,0,0,1
Go Flex,Post Malone,Stoney (Deluxe),2016-12-09,2.99,77,0.498,81.967,0.127,1,0.665,2016,2016,0,1,0,1
More Important Than Michael Jordan,Pretty Lights,Filling Up The City Skies (disc 2),2008-10-30,8.61,32,0.848,107.99,0.586,1,0.669,2008,2008,0,1,0,1
Dark Angel,Provoker,Dark Angel,2018-05-14,6.25,53,0.803,117.008,0.833,0,0.678,2018,2018,0,0,1,1
sea castle,Purity Ring,another eternity,2015-03-02,3.45,0,0.47,124.047,0.325,0,0.543,2015,2015,0,1,0,1
All My Happiness is Gone,Purple Mountains,Purple Mountains,2019-07-12,4.34,0,0.746,138.131,0.723,1,0.505,2019,2019,1,0,0,1
Exit Music (For A Film),Radiohead,OK Computer,1997-05-28,4.45,72,0.276,121.603,0.195,0,0.293,1997,1997,1,0,0,1
Idioteque,Radiohead,Kid A,2000-10-01,5.15,0,0.931,137.544,0.53,1,0.615,2000,2000,0,1,0,1
Let Down,Radiohead,OK Computer,1997-05-28,4.99,0,0.674,102.489,0.145,1,0.352,1997,1997,0,1,0,1
Paranoid Android,Radiohead,OK Computer,1997-05-21,6.45,0,0.849,163.704,0.194,1,0.252,1997,1997,0,1,0,1
Reckoner,Radiohead,In Rainbows,2007-12-28,4.84,63,0.656,104.271,0.214,0,0.523,2007,2007,0,1,0,1
No Surprises,Radiohead,OK Computer,1997-05-28,3.82,81,0.393,76.426,0.118,1,0.255,1997,1997,0,0,1,1
"Today Your Love, Tomorrow the World - 2016 Remaster",Ramones,Ramones (40th Anniversary Deluxe Edition; 2016 Remaster),1976-04-23,2.21,38,0.917,179.792,0.351,1,0.122,1976,1976,0,0,1,1
Cherry,Ratatat,Ratatat,2004,5.64,0,0.352,125,0.0552,1,0.526,2004,2004,0,1,0,1
Ghost Bike,Reptar,Body Faucet,2012-05-01,5.32,6,0.503,122.059,0.0637,1,0.475,2012,2012,1,0,0,1
Lonesome Town,Ricky Nelson,Ricky Sings Again (Expanded Edition / Remastered),1959-01-01,2.23,62,0.193,77.026,0.273,1,0.404,1959,1959,0,0,1,1
Ghostwriter,RJD2,Deadringer: Deluxe,2002,5.3,59,0.68,93.804,0.594,1,0.747,2002,2002,0,1,0,1
Cigarettes And Chocolate Milk,Rufus Wainwright,Poses (Expanded Edition),2001,4.74,38,0.378,97.891,0.166,1,0.46,2001,2001,0,1,0,1
Everybody Knows,Ryan Adams,Easy Tiger,2007,2.42,47,0.544,153.556,0.417,1,0.535,2007,2007,0,1,0,1
i was all over her,salvia palth,melanchole,2013-01-01,2.69,76,0.353,104.557,0.0601,1,0.529,2013,2013,1,0,0,1
Ozma,Shannon & The Clams,Dreams in the Rat House,2013-05-21,3.46,0,0.799,123.119,0.842,1,0.487,2013,2013,0,0,1,1
104 Degrees,"Slaughter Beach, Dog",Motorcycle.jpg,2017-07-14,2.66,0,0.715,114.974,0.461,1,0.532,2017,2017,0,1,0,1
"Good Morning, Captain",Slint,Spiderland,1991-03-15,7.66,0,0.502,188.421,0.167,1,0.442,1991,1991,1,0,0,1
Alison,Slowdive,Souvlaki,1993,3.86,0,0.423,101.571,0.291,1,0.279,1993,1993,0,0,1,1
circle the drain,Soccer Mommy,circle the drain,2020-01-14,4.67,0,0.79,169.064,0.47,1,0.482,2020,2020,0,1,0,1
Farewell Transmission,Songs: Ohia,Magnolia Electric Co. (Deluxe Edition),2003-04-03,7.37,0,0.538,148.102,0.47,1,0.431,2003,2003,1,0,0,1
The Diamond Sea - Radio Edit,Sonic Youth,The Diamond Sea,1995-09-26,5.48,41,0.561,111.8,0.289,1,0.397,1995,1995,1,0,0,1
Dirty Boots,Sonic Youth,Goo,1990-01-01,5.48,52,0.665,141.906,0.182,0,0.314,1990,1990,0,0,1,1
Natural Devotion,SPIRIT OF THE BEEHIVE,You Are Arrived (But You've Been Cheated),2016-03-03,3.78,44,0.529,64.379,0.182,1,0.185,2016,2016,0,0,1,1
Brakhage,Stereolab,Dots And Loops,1997-09-22,5.51,34,0.616,138.978,0.618,0,0.682,1997,1997,1,0,0,1
In Circles - Remastered,Sunny Day Real Estate,Diary (2009 Edition),1994-05-10,4.97,53,0.825,143.586,0.358,1,0.323,1994,1994,0,0,1,1
Next To Nothing,Superheaven,Ours Is Chrome,2015-05-04,4.07,2,0.8,164.073,0.292,1,0.437,2015,2015,0,0,1,1
Blind,Swans,Various Failures,1999-03-29,4.52,28,0.663,127.006,0.12,0,0.51,1999,1999,1,0,0,1
Swallow the Pill,Sweet Pill,Swallow the Pill,2020-05-15,2.74,21,0.912,155.016,0.763,1,0.495,2020,2020,0,0,1,1
Two Girls Kissing,Swirlies,They Spent Their Wild Youthful Days In The Glittering World Of The Salons,1996,6.05,36,0.777,105.279,0.614,1,0.534,1996,1996,1,0,0,1
This Must Be the Place (Naive Melody) - 2005 Remaster,Talking Heads,Speaking in Tongues (Deluxe Version),1983-05-31,4.94,70,0.641,114.443,0.966,1,0.942,1983,1983,1,0,0,1
Let It Happen,Tame Impala,Currents,2015-07-17,7.79,74,0.881,125.012,0.577,0,0.602,2015,2015,0,1,0,1
Elephant,Tame Impala,Lonerism,2012-01-01,3.52,71,0.553,123.075,0.533,0,0.598,2012,2012,0,0,1,1
Marquee Moon,Television,Marquee Moon,1977-02-08,10.64,54,0.536,118.008,0.732,1,0.49,1977,1977,0,0,1,1
Sometime Around Midnight,The Airborne Toxic Event,The Airborne Toxic Event (Deluxe Edition),2009-01-01,5.06,55,0.836,126.009,0.148,1,0.472,2009,2009,0,1,0,1
Two,The Antlers,Hospice,2009-06-23,5.93,39,0.512,110.009,0.137,1,0.564,2009,2009,1,0,0,1
You Still Believe In Me - Mono / Remastered 2012,The Beach Boys,Pet Sounds (Mono),1966-06-16,2.53,0,0.31,177.705,0.153,1,0.251,1966,1966,0,0,1,1
Blackbird - Remastered 2009,The Beatles,The Beatles (Remastered),1968-11-22,2.31,73,0.127,93.699,0.372,1,0.686,1968,1968,1,0,0,1
Eleanor Rigby - Remastered 2015,The Beatles,1 (Remastered),2000-11-13,2.1,57,0.314,138.148,0.836,1,0.605,2000,2000,0,1,0,1
For No One - Remastered 2009,The Beatles,Revolver (Remastered),1966-08-05,2,63,0.351,81.208,0.713,0,0.483,1966,1966,1,0,0,1
Something - Remastered 2015,The Beatles,1 (Remastered),2000-11-13,3.02,52,0.375,133.845,0.466,1,0.449,2000,2000,0,1,0,1
Dear Prudence - 2018 Mix,The Beatles,The Beatles,2018-11-09,3.92,43,0.538,150.785,0.369,1,0.395,2018,2018,0,0,1,1
Happiness Is A Warm Gun - 2018 Mix,The Beatles,The Beatles,2018-11-09,2.74,40,0.534,138.935,0.459,0,0.461,2018,2018,0,0,1,1
I'm So Tired - 2018 Mix,The Beatles,The Beatles,2018-11-09,2.06,38,0.485,69.925,0.717,1,0.44,2018,2018,0,0,1,1
Get Back - Remastered 2009,The Beatles,Let It Be (Remastered),1970-05-08,3.16,65,0.592,123.095,0.332,1,0.761,1970,1970,0,0,1,1
Cannonball,The Breeders,Last Splash,1993-08-30,3.56,64,0.758,112.499,0.729,1,0.502,1993,1993,1,0,0,1
Anemone,The Brian Jonestown Massacre,Their Satanic Majesties' Second Request,2008-06-09,5.57,60,0.636,83.101,0.607,0,0.527,2008,2008,0,0,1,1
Servo,The Brian Jonestown Massacre,Give It Back!,1997-06-09,3.39,0,0.941,120.342,0.886,1,0.673,1997,1997,0,0,1,1
Wisdom,The Brian Jonestown Massacre,Methodrone,1995-06-09,5.35,35,0.829,156.386,0.949,1,0.419,1995,1995,0,0,1,1
Complete Control,The Clash,Hits Back,2013-08-26,3.21,39,0.922,172.679,0.681,1,0.194,2013,2013,0,1,0,1
Anything Could Happen,The Clean,Anthology,2003-01-21,2.64,0,0.67,126.91,0.963,1,0.604,2003,2003,0,0,1,1
Dreams,The Cranberries,"Everybody Else Is Doing It, So Why Can't We?",1993-03-01,4.53,74,0.643,128.661,0.514,1,0.551,1993,1993,1,0,0,1
Boys Don't Cry - Single Version,The Cure,Three Imaginary Boys (Deluxe Edition),1979-05-11,2.63,65,0.841,168.743,0.689,0,0.465,1979,1979,1,0,0,1
Disintegration - 2010 Remaster,The Cure,Disintegration (2010 Remaster),1989-05-02,8.33,39,0.943,122.02,0.125,1,0.593,1989,1989,1,0,0,1
In Between Days - 2006 Remaster,The Cure,The Head on the Door (Deluxed Edition),1985-08-26,2.97,59,0.83,142.592,0.711,1,0.541,1985,1985,0,0,1,1
O Valencia!,The Decemberists,The Crane Wife,2006-10-03,3.8,48,0.765,135.457,0.452,1,0.531,2006,2006,0,1,0,1
Twin Size Mattress,The Front Bottoms,Talon Of The Hawk,2013-05-21,4.41,0,0.867,144.866,0.336,1,0.325,2013,2013,1,0,0,1
All These Things That I've Done,The Killers,Hot Fuss,2004-06-15,5.03,15,0.728,118.241,0.216,1,0.557,2004,2004,0,1,0,1
"Andy, You're A Star",The Killers,Hot Fuss,2004-06-15,3.23,2,0.588,84.126,0.712,0,0.504,2004,2004,0,1,0,1
I’ll Be Loving You,The King Khan & BBQ Show,Invisible Girl,2009-11-03,3.17,44,0.876,154.588,0.706,1,0.443,2009,2009,0,0,1,1
Lola,The Kinks,"Lola Versus Powerman and the Moneygoround, Pt. One",1970-11-27,4.02,46,0.917,152.113,0.902,1,0.474,1970,1970,1,0,0,1
Strangers,The Kinks,"Lola Versus Powerman and the Moneygoround, Pt. One",1970-11-27,3.31,33,0.397,128.69,0.487,1,0.47,1970,1970,1,0,0,1
Waterloo Sunset - Mono Mix,The Kinks,Classics: The Best of The Kinks,2014-07-29,3.24,2,0.692,107.704,0.432,0,0.521,2014,2014,1,0,0,1
Going to Georgia,The Mountain Goats,Zopilote Machine,2005-03-29,2.26,47,0.44,118.382,0.326,0,0.569,2005,2005,1,0,0,1
No Children,The Mountain Goats,Tallahassee,2002,2.81,0,0.411,84.944,0.412,1,0.606,2002,2002,1,0,0,1
The District Sleeps Alone Tonight,The Postal Service,Give Up,2003-02-19,4.74,0,0.775,153.963,0.216,1,0.621,2003,2003,0,1,0,1
Why Did Ever We Meet,The Promise Ring,Nothing Feels Good,1997-10-01,4.09,32,0.938,90.321,0.827,1,0.324,1997,1997,1,0,0,1
Androgynous,The Replacements,Let It Be (Expanded),1984,3.18,50,0.361,106.484,0.389,1,0.476,1984,1984,1,0,0,1
Caring Is Creepy,The Shins,"Oh, Inverted World",2001-06-19,3.34,39,0.707,94.615,0.494,1,0.413,2001,2001,1,0,0,1
Kissing the Lipless,The Shins,Chutes Too Narrow,2003-10-21,3.32,45,0.423,140.279,0.146,1,0.622,2003,2003,0,1,0,1
New Slang,The Shins,"Oh, Inverted World",2001-06-19,3.85,0,0.389,130.015,0.649,1,0.669,2001,2001,0,1,0,1
1979 - Remastered 2012,The Smashing Pumpkins,Mellon Collie And The Infinite Sadness (Remastered),1995-12-12,4.44,0,0.787,126.879,0.964,1,0.767,1995,1995,0,1,0,1
Hummer - Remastered,The Smashing Pumpkins,Siamese Dream (2011 - Remaster),1993,6.94,0,0.544,165.933,0.113,1,0.294,1993,1993,0,0,1,1
There Is a Light That Never Goes Out - 2011 Remaster,The Smiths,The Queen Is Dead,1986-06-16,4.08,79,0.769,136.162,0.876,1,0.523,1986,1986,1,0,0,1
I Can't Win,The Strokes,Room On Fire,2003-10-28,2.7,56,0.746,97.44,0.403,1,0.472,2003,2003,0,1,0,1
Is This It,The Strokes,Is This It,2001-07-30,2.52,58,0.692,96.022,0.846,1,0.667,2001,2001,0,1,0,1
Last Nite,The Strokes,Is This It,2001-07-30,3.22,65,0.899,104.061,0.79,1,0.624,2001,2001,1,0,0,1
The Modern Age,The Strokes,Is This It,2001-07-30,3.47,52,0.888,145.971,0.897,1,0.528,2001,2001,0,1,0,1
Rock & Roll - Full Length Version; 2015 Remaster,The Velvet Underground,Loaded: Re-Loaded 45th Anniversary Edition,1970,4.72,57,0.735,132.526,0.742,1,0.494,1970,1970,0,0,1,1
Sticky Hulks,Thee Oh Sees,Mutilator Defeated at Last,2015-05-26,6.84,40,0.584,139.23,0.467,1,0.363,2015,2015,0,0,1,1
Brooklyn,Theo Katzman,Romance Without Finance,2011-11-15,2.86,23,0.632,102.031,0.783,1,0.776,2011,2011,0,1,0,1
Head in the Ceiling Fan,Title Fight,Floral Green,2012-09-18,3.99,11,0.456,120.956,0.0783,1,0.274,2012,2012,0,0,1,1
Like a Ritual,Title Fight,Floral Green,2012-09-18,3.13,42,0.949,75.25,0.348,1,0.342,2012,2012,0,0,1,1
Sick Shit,Together Pangea,Badillac,2014-01-01,4.12,49,0.853,120.982,0.355,1,0.263,2014,2014,0,0,1,1
The Pot,TOOL,"10,000 Days",2006-04-28,6.37,68,0.79,107.45,0.466,1,0.469,2006,2006,0,1,0,1
Finger,Ty Segall,Melted,2010-05-25,2.91,41,0.481,143.719,0.133,1,0.237,2010,2010,0,0,1,1
M79,Vampire Weekend,Vampire Weekend,2008-01-29,4.26,44,0.602,113.013,0.948,1,0.774,2008,2008,0,1,0,1
(Sittin' On) the Dock of the Bay,Various Artists,"Atlantic 60th: Soul, Sweat And Strut",2007-10-30,2.78,60,0.312,205.981,0.598,1,0.484,2007,2007,1,0,0,1
Teal,Wunderhorse,Teal,2021-07-27,3.18,38,0.865,158.614,0.41,1,0.443,2021,2021,0,0,1,1
Relationship (feat. Future),Young Thug,Beautiful Thugger Girls,2017-06-16,3.59,68,0.597,145.992,0.298,1,0.842,2017,2017,0,1,0,1